[
    {
        "img":"images/01.jpg",
        "title":"The Arts: A Visual Encyclopedia",
        "authors":"DK",
        "year":"2017",
        "price":"13.99",
        "rating":"3",
        "publisher":"DK Children",
        "category":"Art"
    },
    {
        "img":"images/11.jpg",
        "title":"The Lost Art of Reading Nature's Signs: Use Outdoor Clues to Find Your Way, Predict the Weather, Locate Water, Track Animals―and Other Forgotten Skills (Natural Navigation)",
        "authors":"Tristan Gooley",
        "year":"2015",
        "price":"11.52",
        "rating":"4",
        "publisher":"The Experiment",
        "category":"Art"
    },
    {
        "img":"images/02.jpg",
        "title":"The Scientists: A History of Science Told Through the Lives of Its Greatest Inventors",
        "authors":"John Gribbin",
        "year":"2004",
        "price":"16.00",
        "rating":"5",
        "publisher":"Random House Trade Paperbacks",
        "category":"Science History"
    },
    {
        "img":"images/22.jpg",
        "title":"The Invention of Science: A New History of the Scientific Revolution",
        "authors":"David Wootton",
        "year":"2016",
        "price":"7.75",
        "rating":"2",
        "publisher":"Harper Perennial",
        "category":"Science History"
    },
    {
        "img":"images/03.jpg",
        "title":"The Hunger Games",
        "authors":"Suzanne Collins",
        "year":"2010",
        "price":"7.55",
        "rating":"4",
        "publisher":"Scholastic Press",
        "category":"Action and Adventure"
    },
    {
        "img":"images/33.jpg",
        "title":"Coyote Peterson’s Brave Adventures: Wild Animals in a Wild World",
        "authors":"Coyote Peterson",
        "year":"2017",
        "price":"13.44",
        "rating":"1",
        "publisher":"Mango",
        "category":"Action and Adventure"
    },
    {
        "img":"images/04.jpg",
        "title":"Dr. A's Habits of Health: The Path to Permanent Weight Control & Optimal Health",
        "authors":"Wayne Scott Anderse",
        "year":"2010",
        "price":"24.43",
        "rating":"5",
        "publisher":"Habits of Health Press",
        "category":"Health"
    },
    {
        "img":"images/44.jpg",
        "title":"The New Health Rules: Simple Changes to Achieve Whole-Body Wellness",
        "authors":"Frank Lipman M.D.",
        "year":"2016",
        "price":"8.98",
        "rating":"3",
        "publisher":"Artisan",
        "category":"Health"
    },
    {
        "img":"images/05.jpg",
        "title":"2084",
        "authors":"Mason Engel",
        "year":"2017",
        "price":"12.50",
        "rating":"2",
        "publisher":"CreateSpace Independent Publishing Platform",
        "category":"Science Fiction"
    },
    {
        "img":"images/55.jpg",
        "title":"God's Ground: Compared to the settlement of space, all other forms of human endeavor shrink to insignificance",
        "authors":"John Brophy",
        "year":"2017",
        "price":"6.99",
        "rating":"3",
        "publisher":"John R Brophy",
        "category":"Science Fiction"
    }
]